{"cameraMode":{"drawMode":0,"name":"Shaded","section":"Shading Mode"},"sceneLighting":false,"audioPlay":false,"sceneViewState":{"showFog":true,"showMaterialUpdate":false,"showSkybox":false,"showFlares":true,"showImageEffects":true,"showParticleSystems":true},"in2DMode":false,"pivot":{"x":-1.417428731918335,"y":0.5109097361564636,"z":0.0004379153251647949},"rotation":{"x":-0.05471173673868179,"y":0.8069816827774048,"z":-0.07565698772668839,"w":-0.5832085609436035},"size":4.498467445373535,"orthographic":false}