{"cameraMode":{"drawMode":0,"name":"Shaded","section":"Shading Mode"},"sceneLighting":true,"audioPlay":false,"sceneViewState":{"showFog":true,"showMaterialUpdate":false,"showSkybox":false,"showFlares":true,"showImageEffects":true,"showParticleSystems":true},"in2DMode":false,"pivot":{"x":-98.84673309326172,"y":-127.66294860839844,"z":114.46077728271485},"rotation":{"x":-0.3235326409339905,"y":0.3330703675746918,"z":-0.12297025322914124,"w":-0.8771599531173706},"size":239.9564208984375,"orthographic":false}