{"cameraMode":{"drawMode":0,"name":"Shaded","section":"Shading Mode"},"sceneLighting":false,"audioPlay":false,"sceneViewState":{"showFog":true,"showMaterialUpdate":false,"showSkybox":false,"showFlares":true,"showImageEffects":true,"showParticleSystems":true},"in2DMode":false,"pivot":{"x":1.4901161193847657e-8,"y":0.1060793474316597,"z":-7.450580596923828e-9},"rotation":{"x":-0.11551077663898468,"y":0.30073225498199465,"z":-0.03670988604426384,"w":-0.9459969997406006},"size":0.40130433440208437,"orthographic":true}