{"cameraMode":{"drawMode":0,"name":"Shaded","section":"Shading Mode"},"sceneLighting":false,"audioPlay":false,"sceneViewState":{"showFog":true,"showMaterialUpdate":false,"showSkybox":false,"showFlares":true,"showImageEffects":true,"showParticleSystems":true},"in2DMode":false,"pivot":{"x":1.9908154010772706,"y":0.3363856077194214,"z":-0.3318266272544861},"rotation":{"x":0.23522278666496278,"y":0.4240184426307678,"z":-0.11499222368001938,"w":0.8670403361320496},"size":5.956775665283203,"orthographic":false}